Rk,Gtm,Date,,Opp,Rslt,Tm,Opp,OT,FG,FGA,FG%,3P,3PA,3P%,2P,2PA,2P%,eFG%,FT,FTA,FT%,ORB,DRB,TRB,AST,STL,BLK,TOV,PF,FG,FGA,FG%,3P,3PA,3P%,2P,2PA,2P%,eFG%,FT,FTA,FT%,ORB,DRB,TRB,AST,STL,BLK,TOV,PF
1,1,2025-10-22,,WAS,W,133,120,,50,98,.510,18,44,.409,32,54,.593,.602,15,19,.789,6,40,46,31,8,6,8,22,46,98,.469,17,42,.405,29,56,.518,.556,11,19,.579,13,43,56,23,5,4,13,19
2,2,2025-10-24,@,TOR,W,122,116,,47,90,.522,14,40,.350,33,50,.660,.600,14,25,.560,14,37,51,25,9,5,19,24,42,85,.494,11,27,.407,31,58,.534,.559,21,32,.656,10,31,41,25,10,4,16,21
3,3,2025-10-26,@,CLE,L,113,118,,40,79,.506,13,33,.394,27,46,.587,.589,20,28,.714,9,28,37,25,12,6,18,26,39,87,.448,12,40,.300,27,47,.574,.517,28,35,.800,10,34,44,23,10,2,17,23
4,4,2025-10-28,,NYK,W,121,111,,43,79,.544,14,34,.412,29,45,.644,.633,21,24,.875,4,34,38,27,7,8,13,21,39,92,.424,13,40,.325,26,52,.500,.495,20,23,.870,17,28,45,24,9,2,13,21
5,5,2025-10-30,,GSW,W,120,110,,46,96,.479,19,46,.413,27,50,.540,.578,9,13,.692,7,27,34,25,7,2,16,22,36,85,.424,13,38,.342,23,47,.489,.500,25,26,.962,9,35,44,23,8,6,22,17
6,6,2025-11-01,,SAC,L,133,135,,49,82,.598,15,32,.469,34,50,.680,.689,20,31,.645,9,28,37,30,5,2,11,26,45,87,.517,10,28,.357,35,59,.593,.575,35,40,.875,11,27,38,30,8,1,10,21
7,7,2025-11-03,@,IND,W,117,115,,42,88,.477,20,47,.426,22,41,.537,.591,13,22,.591,9,34,43,24,6,5,18,28,39,90,.433,8,33,.242,31,57,.544,.478,29,38,.763,14,31,45,24,8,4,12,24
8,8,2025-11-04,@,TOR,L,100,128,,37,86,.430,11,38,.289,26,48,.542,.494,15,21,.714,9,32,41,26,5,4,15,26,44,91,.484,17,38,.447,27,53,.509,.577,23,29,.793,10,40,50,33,8,6,10,23
9,9,2025-11-07,,CHI,W,126,110,,48,103,.466,16,39,.410,32,64,.500,.544,14,18,.778,14,39,53,27,10,6,11,16,44,90,.489,10,33,.303,34,57,.596,.544,12,16,.750,8,37,45,34,9,3,14,19
10,10,2025-11-09,,HOU,L,115,122,,44,79,.557,13,29,.448,31,50,.620,.639,14,24,.583,7,20,27,25,11,6,13,20,48,90,.533,10,26,.385,38,64,.594,.589,16,21,.762,20,30,50,24,8,3,18,19
11,11,2025-11-10,@,DAL,W,116,114,,41,91,.451,14,36,.389,27,55,.491,.527,20,25,.800,8,36,44,24,9,6,13,26,37,89,.416,9,39,.231,28,50,.560,.466,31,41,.756,16,36,52,25,8,8,15,22
12,12,2025-11-12,@,CHO,L,100,111,,40,88,.455,12,30,.400,28,58,.483,.523,8,13,.615,10,24,34,29,6,6,9,22,38,86,.442,12,40,.300,26,46,.565,.512,23,27,.852,15,35,50,27,5,5,16,15
13,13,2025-11-14,,CHO,W,147,134,OT,55,85,.647,20,34,.588,35,51,.686,.765,17,22,.773,5,34,39,37,10,3,22,25,47,98,.480,17,45,.378,30,53,.566,.566,23,29,.793,10,29,39,31,11,1,13,21
14,14,2025-11-15,,LAL,L,95,119,,32,80,.400,15,39,.385,17,41,.415,.494,16,24,.667,12,27,39,20,6,4,17,23,38,77,.494,13,33,.394,25,44,.568,.578,30,33,.909,11,36,47,23,13,4,17,20
15,15,2025-11-17,@,CLE,L,106,118,,39,93,.419,17,36,.472,22,57,.386,.511,11,15,.733,7,27,34,26,9,1,15,17,44,79,.557,15,35,.429,29,44,.659,.652,15,21,.714,4,41,45,25,7,5,18,17
16,16,2025-11-20,,PHI,L,114,123,OT,45,92,.489,14,36,.389,31,56,.554,.565,10,13,.769,3,39,42,30,7,2,14,19,42,97,.433,18,53,.340,24,44,.545,.526,21,26,.808,11,41,52,30,9,6,14,15
17,17,2025-11-22,,DET,L,116,129,,43,84,.512,20,43,.465,23,41,.561,.631,10,12,.833,6,29,35,29,8,7,17,19,49,78,.628,16,30,.533,33,48,.688,.731,15,24,.625,1,31,32,31,10,6,14,17
18,18,2025-11-24,,POR,L,103,115,,38,86,.442,13,37,.351,25,49,.510,.517,14,18,.778,8,31,39,22,10,5,13,26,36,79,.456,18,43,.419,18,36,.500,.570,25,33,.758,12,36,48,24,8,8,16,16
19,19,2025-11-26,@,MIA,L,103,106,,40,95,.421,14,42,.333,26,53,.491,.495,9,14,.643,11,36,47,31,7,1,14,15,39,85,.459,10,36,.278,29,49,.592,.518,18,20,.900,9,38,47,32,9,7,14,10
20,20,2025-11-28,@,NYK,L,109,118,,37,71,.521,18,41,.439,19,30,.633,.648,17,25,.680,5,30,35,24,9,4,15,26,38,84,.452,14,34,.412,24,50,.480,.536,28,33,.848,14,30,44,25,10,2,13,21
21,21,2025-11-29,,BRK,W,116,99,,44,84,.524,16,39,.410,28,45,.622,.619,12,17,.706,12,31,43,31,13,2,14,16,36,77,.468,16,42,.381,20,35,.571,.571,11,17,.647,6,25,31,23,4,4,20,16
22,22,2025-12-01,@,WAS,L,126,129,,46,84,.548,21,38,.553,25,46,.543,.673,13,21,.619,7,28,35,29,5,4,17,16,53,102,.520,13,36,.361,40,66,.606,.583,10,15,.667,14,27,41,29,9,4,10,17
23,23,2025-12-03,,DET,W,113,109,,40,82,.488,13,44,.295,27,38,.711,.567,20,21,.952,8,32,40,28,6,6,16,20,38,95,.400,14,43,.326,24,52,.462,.474,19,24,.792,13,31,44,25,8,5,15,18
24,24,2025-12-05,,PHI,L,101,116,,35,76,.461,11,32,.344,24,44,.545,.533,20,27,.741,7,30,37,26,8,3,18,21,39,86,.453,17,43,.395,22,43,.512,.552,21,22,.955,11,31,42,25,12,1,15,24
25,25,2025-12-06,@,DET,L,112,124,,37,84,.440,16,38,.421,21,46,.457,.536,22,32,.688,11,25,36,24,11,5,12,26,43,86,.500,15,40,.375,28,46,.609,.587,23,31,.742,16,37,53,31,5,4,16,26
26,26,2025-12-11,,BOS,W,116,101,,46,79,.582,13,29,.448,33,50,.660,.665,11,14,.786,5,35,40,28,5,5,16,24,34,88,.386,14,49,.286,20,39,.513,.466,19,25,.760,13,26,39,18,7,1,14,15
27,27,2025-12-14,@,BRK,L,82,127,,31,79,.392,8,35,.229,23,44,.523,.443,12,16,.750,7,30,37,20,8,1,20,18,45,85,.529,19,43,.442,26,42,.619,.641,18,19,.947,6,37,43,33,14,4,14,15
28,28,2025-12-18,,TOR,L,105,111,,38,84,.452,15,37,.405,23,47,.489,.542,14,16,.875,9,29,38,25,10,2,16,19,42,84,.500,13,35,.371,29,49,.592,.577,14,21,.667,12,33,45,31,9,2,17,20
29,29,2025-12-21,@,MIN,L,100,103,,35,87,.402,13,45,.289,22,42,.524,.477,17,20,.850,11,40,51,27,6,2,18,15,37,88,.420,14,46,.304,23,42,.548,.500,15,23,.652,11,35,46,28,10,4,10,18
30,30,2025-12-23,@,IND,W,111,94,,42,82,.512,10,30,.333,32,52,.615,.573,17,24,.708,7,41,48,20,6,7,15,26,33,81,.407,8,31,.258,25,50,.500,.457,20,33,.606,7,33,40,20,7,3,12,21
31,31,2025-12-26,@,MEM,L,104,125,,36,84,.429,14,39,.359,22,45,.489,.512,18,24,.750,15,33,48,18,11,2,22,25,43,85,.506,13,34,.382,30,51,.588,.582,26,32,.813,7,35,42,28,12,9,14,19
32,32,2025-12-27,@,CHI,W,112,103,,40,86,.465,13,36,.361,27,50,.540,.541,19,24,.792,11,36,47,22,12,3,12,16,39,93,.419,13,38,.342,26,55,.473,.489,12,16,.750,16,36,52,28,5,2,15,18
33,33,2025-12-29,@,CHO,W,123,113,,44,84,.524,16,34,.471,28,50,.560,.619,19,22,.864,5,26,31,29,9,5,9,17,40,93,.430,17,46,.370,23,47,.489,.522,16,20,.800,17,30,47,28,5,3,13,21
34,34,2025-12-31,,WAS,L,113,114,,41,89,.461,16,39,.410,25,50,.500,.551,15,22,.682,11,37,48,24,2,6,15,14,41,94,.436,19,39,.487,22,55,.400,.537,13,20,.650,13,31,44,31,8,8,10,18
35,35,2026-01-02,,CHO,W,122,121,,45,87,.517,16,37,.432,29,50,.580,.609,16,18,.889,8,28,36,31,7,4,11,23,40,82,.488,18,40,.450,22,42,.524,.598,23,28,.821,8,31,39,27,5,3,14,18
36,36,2026-01-04,@,SAC,W,115,98,,39,87,.448,10,37,.270,29,50,.580,.506,27,30,.900,12,36,48,23,4,2,13,21,34,80,.425,5,25,.200,29,55,.527,.456,25,32,.781,6,32,38,17,10,7,10,22
37,37,2026-01-07,@,GSW,L,113,120,,46,85,.541,14,32,.438,32,53,.604,.624,7,12,.583,5,31,36,29,3,3,12,15,44,89,.494,18,47,.383,26,42,.619,.596,14,18,.778,8,33,41,31,6,2,10,15
38,38,2026-01-09,@,LAL,W,105,101,,38,79,.481,12,34,.353,26,45,.578,.557,17,22,.773,12,32,44,23,10,3,17,16,39,91,.429,15,36,.417,24,55,.436,.511,8,14,.571,15,30,45,28,9,0,13,20
39,39,2026-01-11,@,DEN,L,104,108,,38,85,.447,14,34,.412,24,51,.471,.529,14,20,.700,10,34,44,29,5,6,11,19,35,87,.402,14,35,.400,21,52,.404,.483,24,31,.774,10,35,45,23,5,5,9,15
40,40,2026-01-13,,MIN,L,106,139,,41,85,.482,13,36,.361,28,49,.571,.559,11,19,.579,9,23,32,29,12,4,20,14,55,92,.598,22,42,.524,33,50,.660,.717,7,12,.583,9,35,44,37,9,2,16,16
41,41,2026-01-15,@,SAS,L,101,119,,34,87,.391,17,48,.354,17,39,.436,.489,16,22,.727,10,27,37,24,6,3,13,21,40,79,.506,16,37,.432,24,42,.571,.608,23,27,.852,8,42,50,28,7,2,17,19
42,42,2026-01-19,@,ATL,W,112,110,,39,79,.494,16,36,.444,23,43,.535,.595,18,25,.720,4,43,47,24,8,6,13,20,39,96,.406,12,42,.286,27,54,.500,.469,20,24,.833,14,37,51,33,9,6,10,19
43,43,2026-01-21,,OKC,L,102,122,,40,81,.494,16,41,.390,24,40,.600,.593,6,9,.667,5,34,39,30,6,0,16,19,49,90,.544,14,36,.389,35,54,.648,.622,10,15,.667,7,35,42,24,12,3,8,11
44,44,2026-01-23,,DEN,L,100,102,,34,85,.400,12,39,.308,22,46,.478,.471,20,27,.741,11,40,51,24,7,8,11,19,35,87,.402,12,41,.293,23,46,.500,.471,20,23,.870,6,41,47,27,8,3,8,19
45,45,2026-01-27,@,PHI,L,122,139,,44,86,.512,15,34,.441,29,52,.558,.599,19,27,.704,8,30,38,29,4,4,12,12,53,101,.525,22,42,.524,31,59,.525,.634,11,15,.733,15,31,46,35,7,5,7,22
46,46,2026-01-29,@,WAS,L,99,109,,41,98,.418,10,38,.263,31,60,.517,.469,7,9,.778,7,36,43,25,7,9,9,20,38,96,.396,8,35,.229,30,61,.492,.438,25,28,.893,18,43,61,21,8,7,13,11
47,47,2026-02-01,@,BOS,L,79,107,,29,82,.354,10,34,.294,19,48,.396,.415,11,15,.733,12,28,40,17,5,0,11,17,41,92,.446,15,42,.357,26,50,.520,.527,10,13,.769,17,35,52,24,4,2,10,16
48,48,2026-02-03,,CHI,W,131,115,,50,97,.515,23,38,.605,27,59,.458,.634,8,15,.533,13,38,51,33,6,4,14,20,40,91,.440,19,51,.373,21,40,.525,.544,16,23,.696,10,33,43,26,9,11,10,14
49,49,2026-02-04,,NOP,W,141,137,OT,56,92,.609,21,47,.447,35,45,.778,.723,8,10,.800,6,37,43,36,5,3,15,18,45,94,.479,24,46,.522,21,48,.438,.606,23,29,.793,9,29,38,32,9,2,8,14
50,50,2026-02-06,,IND,W,105,99,,44,95,.463,13,43,.302,31,52,.596,.532,4,6,.667,13,35,48,26,4,2,12,16,35,79,.443,12,43,.279,23,36,.639,.519,17,21,.810,5,32,37,26,9,4,9,12
51,51,2026-02-09,@,ORL,L,99,118,,36,77,.468,12,33,.364,24,44,.545,.545,15,21,.714,6,31,37,17,7,6,20,21,40,86,.465,14,42,.333,26,44,.591,.547,24,27,.889,11,33,44,27,14,3,11,18
52,52,2026-02-11,@,ORL,W,116,108,,39,81,.481,14,36,.389,25,45,.556,.568,24,24,1.000,8,39,47,22,4,4,16,14,35,82,.427,20,47,.426,15,35,.429,.549,18,21,.857,7,23,30,31,12,6,9,24
53,53,2026-02-12,@,OKC,W,110,93,,44,95,.463,17,42,.405,27,53,.509,.553,5,7,.714,15,34,49,25,9,6,11,17,31,83,.373,15,45,.333,16,38,.421,.464,16,20,.800,14,33,47,22,3,6,16,8
54,54,2026-02-20,@,NOP,W,139,118,,55,92,.598,15,36,.417,40,56,.714,.679,14,18,.778,8,29,37,28,9,8,15,17,47,87,.540,4,25,.160,43,62,.694,.563,20,28,.714,9,28,37,22,10,5,14,17
55,55,2026-02-22,,TOR,L,94,122,,35,85,.412,9,32,.281,26,53,.491,.465,15,19,.789,13,33,46,18,4,4,19,16,44,94,.468,16,46,.348,28,48,.583,.553,18,23,.783,14,31,45,34,11,3,8,19
56,56,2026-02-24,,MIA,W,128,117,,48,97,.495,16,39,.410,32,58,.552,.577,16,19,.842,10,36,46,25,10,3,11,20,40,94,.426,16,48,.333,24,46,.522,.511,21,27,.778,14,37,51,32,8,5,16,18
57,57,2026-02-25,,CLE,W,118,116,,48,88,.545,19,45,.422,29,43,.674,.653,3,5,.600,8,28,36,28,7,2,13,20,42,87,.483,12,40,.300,30,47,.638,.552,20,27,.741,16,28,44,28,7,2,11,10
58,58,2026-02-27,,NYK,L,98,127,,33,77,.429,16,42,.381,17,35,.486,.532,16,22,.727,4,30,34,24,5,3,16,16,46,88,.523,21,42,.500,25,46,.543,.642,14,16,.875,7,37,44,33,7,6,11,20
59,59,2026-03-01,@,CHI,L,97,120,,35,95,.368,13,46,.283,22,49,.449,.437,14,17,.824,11,34,45,26,9,3,19,19,43,84,.512,18,49,.367,25,35,.714,.619,16,23,.696,7,43,50,34,14,8,18,14
60,60,2026-03-02,,BOS,L,81,108,,27,74,.365,13,36,.361,14,38,.368,.453,14,19,.737,9,32,41,18,7,3,16,13,41,95,.432,20,50,.400,21,45,.467,.537,6,9,.667,19,35,54,31,7,6,11,16
61,61,2026-03-04,,ATL,L,113,131,,43,86,.500,13,39,.333,30,47,.638,.576,14,20,.700,12,29,41,27,8,2,15,15,50,92,.543,20,45,.444,30,47,.638,.652,11,16,.688,11,29,40,33,9,7,11,17
62,62,2026-03-07,,UTA,W,113,99,,41,85,.482,15,44,.341,26,41,.634,.571,16,28,.571,7,41,48,33,7,5,11,20,31,90,.344,12,49,.245,19,41,.463,.411,25,29,.862,13,40,53,23,7,3,12,19
63,63,2026-03-08,,ORL,L,91,130,,36,84,.429,13,44,.295,23,40,.575,.506,6,13,.462,9,27,36,22,10,3,17,23,45,80,.563,14,33,.424,31,47,.660,.650,26,35,.743,10,39,49,31,11,2,15,19
64,64,2026-03-10,,PHO,L,114,129,,42,82,.512,16,38,.421,26,44,.591,.610,14,20,.700,8,31,39,26,6,1,17,13,48,89,.539,24,51,.471,24,38,.632,.674,9,11,.818,8,31,39,33,9,0,12,19
65,65,2026-03-12,@,MIA,L,105,112,,41,83,.494,9,26,.346,32,57,.561,.548,14,19,.737,3,33,36,26,10,2,14,30,38,92,.413,14,41,.341,24,51,.471,.489,22,27,.815,15,38,53,26,4,2,12,14
66,66,2026-03-14,@,ATL,L,99,122,,37,76,.487,12,37,.324,25,39,.641,.566,13,18,.722,5,32,37,24,5,4,23,18,47,95,.495,14,38,.368,33,57,.579,.568,14,18,.778,15,32,47,29,10,1,13,19
67,67,2026-03-15,,IND,W,134,123,,49,90,.544,23,44,.523,26,46,.565,.672,13,19,.684,13,27,40,31,10,2,9,17,42,81,.519,21,42,.500,21,39,.538,.648,18,23,.783,10,30,40,34,5,6,19,15
68,68,2026-03-17,,CLE,L,116,123,,42,88,.477,20,45,.444,22,43,.512,.591,12,17,.706,7,32,39,24,3,6,8,22,42,86,.488,12,36,.333,30,50,.600,.558,27,34,.794,10,36,46,27,3,4,7,20
69,69,2026-03-19,@,UTA,L,96,128,,32,78,.410,15,44,.341,17,34,.500,.506,17,23,.739,8,27,35,20,9,2,20,18,48,89,.539,18,48,.375,30,41,.732,.640,14,20,.700,12,35,47,34,10,2,17,18
70,70,2026-03-21,@,PHO,W,108,105,,39,78,.500,16,39,.410,23,39,.590,.603,14,21,.667,8,34,42,20,6,4,17,17,40,89,.449,15,39,.385,25,50,.500,.534,10,18,.556,12,26,38,27,7,4,10,21
71,71,2026-03-23,@,LAC,L,96,129,,37,84,.440,16,41,.390,21,43,.488,.536,6,9,.667,11,27,38,29,6,2,23,17,47,81,.580,17,38,.447,30,43,.698,.685,18,18,1.000,4,30,34,30,13,6,12,18
72,72,2026-03-25,@,POR,L,99,130,,36,89,.404,14,45,.311,22,44,.500,.483,13,20,.650,13,21,34,22,12,3,17,25,42,80,.525,19,41,.463,23,39,.590,.644,27,33,.818,15,39,54,30,11,11,21,13
73,73,2026-03-28,,SAS,L,95,127,,38,87,.437,14,46,.304,24,41,.585,.517,5,6,.833,9,28,37,22,9,5,19,18,49,89,.551,14,35,.400,35,54,.648,.629,15,20,.750,9,32,41,35,13,2,11,6
74,74,2026-03-29,,LAC,L,113,127,,40,77,.519,20,44,.455,20,33,.606,.649,13,15,.867,4,23,27,23,13,1,22,30,45,77,.584,13,30,.433,32,47,.681,.669,24,28,.857,7,32,39,27,14,4,16,19
75,75,2026-03-31,,DAL,W,123,99,,41,92,.446,20,54,.370,21,38,.553,.554,21,26,.808,12,47,59,28,7,9,18,19,34,96,.354,10,36,.278,24,60,.400,.406,21,28,.750,14,36,50,18,12,4,14,19
76,76,2026-04-01,@,HOU,L,113,119,,42,89,.472,17,40,.425,25,49,.510,.567,12,16,.750,15,30,45,21,3,1,15,16,41,87,.471,18,42,.429,23,45,.511,.575,19,22,.864,12,30,42,30,7,4,8,13
77,77,2026-04-03,,BOS,L,101,133,,35,83,.422,21,47,.447,14,36,.389,.548,10,13,.769,8,22,30,24,5,4,13,21,50,89,.562,17,37,.459,33,52,.635,.657,16,19,.842,10,38,48,33,7,4,9,13
78,78,2026-04-05,,MEM,W,131,115,,50,83,.602,16,32,.500,34,51,.667,.699,15,24,.625,11,33,44,30,11,5,20,19,38,92,.413,17,46,.370,21,46,.457,.505,22,28,.786,15,23,38,25,13,1,14,21
79,79,2026-04-07,@,BRK,L,90,96,,35,81,.432,15,45,.333,20,36,.556,.525,5,8,.625,9,35,44,25,6,7,20,20,33,75,.440,9,26,.346,24,49,.490,.500,21,23,.913,3,29,32,18,11,4,14,13
80,80,2026-04-08,@,DET,L,111,137,,36,86,.419,17,50,.340,19,36,.528,.517,22,28,.786,13,19,32,26,5,4,16,24,48,84,.571,14,30,.467,34,54,.630,.655,27,30,.900,15,31,46,38,9,10,12,21
81,81,2026-04-10,,BRK,W,125,108,,45,81,.556,24,48,.500,21,33,.636,.704,11,16,.688,8,36,44,36,5,7,17,15,38,84,.452,18,45,.400,20,39,.513,.560,14,16,.875,9,28,37,28,7,2,11,13
82,82,2026-04-12,@,PHI,L,106,126,,39,90,.433,13,47,.277,26,43,.605,.506,15,22,.682,12,33,45,26,8,2,19,15,47,91,.516,16,41,.390,31,50,.620,.604,16,21,.762,11,34,45,28,13,2,14,19
,,,,,32-50,9072,9581,,3345,7012,.477,1240,3205,.387,2105,3807,.553,.565,1142,1564,.730,731,2610,3341,2116,607,326,1247,1617,3407,7198,.473,1216,3241,.375,2191,3957,.554,.558,1551,1975,.785,910,2736,3646,2284,712,340,1071,1443